订单号,订单日期,订单时间,结算日期,网点,省份,城市,金额,数量,备注
ORD00000001,2024-07-30,2024/7/30 11:24,2024/8/9,网点D,上海市,上海市,392.17,89,备注信息0
ORD00000002,2025-03-27,2025/3/27 11:29,2025/4/6,网点E,上海市,上海市,927.31,22,备注信息1
ORD00000003,2024-06-28,2024/6/28 12:57,2024/7/8,网点C,上海市,上海市,655.43,23,备注信息2
ORD00000004,2024-03-18,2024/3/18 21:31,2024/3/28,网点E,上海市,上海市,913.53,25,备注信息3
ORD00000005,2025-01-20,2025/1/20 14:11,2025/1/30,网点E,上海市,上海市,835.14,78,备注信息4
ORD00000006,2025-04-24,2025/4/24 20:34,2025/5/4,网点B,上海市,上海市,690.71,78,备注信息5
ORD00000007,2025-01-18,2025/1/18 20:03,2025/1/28,网点C,上海市,上海市,362.54,26,备注信息6
ORD00000008,2024-05-29,2024/5/29 0:44,2024/6/8,网点C,上海市,上海市,248.7,30,备注信息7
ORD00000009,2025-02-15,2025/2/15 6:38,2025/2/25,网点C,上海市,上海市,230.17,90,备注信息8
ORD00000010,2024-06-30,2024/6/30 1:39,2024/7/10,网点E,上海市,上海市,952.65,38,备注信息9
ORD00000011,2024-08-09,2024/8/9 10:11,2024/8/19,网点D,上海市,上海市,958.99,86,备注信息0
ORD00000012,2024-01-10,2024/1/10 0:33,2024/1/20,网点C,上海市,上海市,727.58,34,备注信息1
ORD00000013,2024-11-12,2024/11/12 22:54,2024/11/22,网点E,上海市,上海市,884.96,89,备注信息2
ORD00000014,2024-12-21,2024/12/21 7:08,2024/12/31,网点B,上海市,上海市,919.81,77,备注信息3
ORD00000015,2024-06-06,2024/6/6 7:56,2024/6/16,网点D,福建,福州市,516.44,93,备注信息4
ORD00000016,2024-01-03,2024/1/3 3:05,2024/1/13,网点B,福建,福州市,632.77,73,备注信息5
ORD00000017,2024-10-19,2024/10/19 2:49,2024/10/29,网点D,福建,福州市,424.57,15,备注信息6
ORD00000018,2024-08-10,2024/8/10 1:01,2024/8/20,网点E,福建,福州市,424.31,95,备注信息7
ORD00000019,2025-02-01,2025/2/1 12:30,2025/2/11,网点A,福建,福州市,48.04,44,备注信息8
ORD00000020,2024-12-30,2024/12/30 2:05,2025/1/9,网点D,福建,厦门市,439.48,91,备注信息9
ORD00000021,2024-12-30,2024/12/30 19:26,2025/1/9,网点B,福建,厦门市,676.75,95,备注信息0
ORD00000022,2024-07-02,2024/7/2 1:00,2024/7/12,网点E,福建,厦门市,427.76,10,备注信息1
ORD00000023,2024-10-22,2024/10/22 7:36,2024/11/1,网点D,福建,厦门市,873.69,37,备注信息2
ORD00000024,2024-01-20,2024/1/20 11:24,2024/1/30,网点A,福建,厦门市,339.24,7,备注信息3
ORD00000025,2024-01-10,2024/1/10 5:44,2024/1/20,网点A,福建,厦门市,141.36,32,备注信息4
ORD00000026,2024-11-09,2024/11/9 18:36,2024/11/19,网点C,福建,厦门市,813.44,11,备注信息5
ORD00000027,2024-12-08,2024/12/8 2:34,2024/12/18,网点C,天津市,天津市,677.21,48,备注信息6
ORD00000028,2024-11-14,2024/11/14 17:57,2024/11/24,网点B,天津市,天津市,249.4,92,备注信息7
ORD00000029,2025-02-08,2025/2/8 1:05,2025/2/18,网点D,天津市,天津市,541.09,68,备注信息8
ORD00000030,2024-02-11,2024/2/11 10:12,2024/2/21,网点D,天津市,天津市,407.83,48,备注信息9
ORD00000031,2024-06-05,2024/6/5 2:58,2024/6/15,网点C,天津市,天津市,939.47,45,备注信息0
ORD00000032,2024-10-23,2024/10/23 13:37,2024/11/2,网点D,天津市,天津市,611.26,95,备注信息1
ORD00000033,2024-05-21,2024/5/21 18:15,2024/5/31,网点D,天津市,天津市,166.81,93,备注信息2
ORD00000034,2024-11-05,2024/11/5 13:49,2024/11/15,网点A,天津市,天津市,507.13,33,备注信息3
ORD00000035,2024-08-13,2024/8/13 3:34,2024/8/23,网点C,天津市,天津市,863.93,4,备注信息4
ORD00000036,2024-02-12,2024/2/12 14:18,2024/2/22,网点E,天津市,天津市,674.78,47,备注信息5
ORD00000037,2025-01-14,2025/1/14 11:05,2025/1/24,网点C,天津市,天津市,844.03,90,备注信息6
ORD00000038,2024-03-15,2024/3/15 17:20,2024/3/25,网点E,天津市,天津市,257.9,53,备注信息7
ORD00000039,2025-02-02,2025/2/2 2:06,2025/2/12,网点A,天津市,天津市,889.47,31,备注信息8
ORD00000040,2025-05-12,2025/5/12 0:14,2025/5/22,网点B,天津市,天津市,758.06,31,备注信息9
ORD00000041,2024-03-15,2024/3/15 4:26,2024/3/25,网点D,天津市,天津市,731.62,27,备注信息0
ORD00000042,2024-05-27,2024/5/27 22:04,2024/6/6,网点A,天津市,天津市,353.08,89,备注信息1
ORD00000043,2024-04-03,2024/4/3 16:14,2024/4/13,网点D,天津市,天津市,888.78,48,备注信息2
ORD00000044,2024-02-08,2024/2/8 22:38,2024/2/18,网点B,天津市,天津市,641.6,36,备注信息3
ORD00000045,2024-05-10,2024/5/10 20:15,2024/5/20,网点B,天津市,天津市,853.32,49,备注信息4
ORD00000046,2025-01-12,2025/1/12 21:42,2025/1/22,网点A,上海市,上海市,367.36,31,备注信息5
ORD00000047,2024-09-14,2024/9/14 13:47,2024/9/24,网点B,上海市,上海市,154.2,44,备注信息6
ORD00000048,2025-01-09,2025/1/9 7:38,2025/1/19,网点E,上海市,上海市,339.01,59,备注信息7
ORD00000049,2025-04-30,2025/4/30 22:32,2025/5/10,网点B,上海市,上海市,460.71,23,备注信息8
ORD00000050,2024-04-02,2024/4/2 12:33,2024/4/12,网点D,上海市,上海市,538.07,99,备注信息9
ORD00000051,2024-11-03,2024/11/3 18:36,2024/11/13,网点D,上海市,上海市,515.7,68,备注信息0
ORD00000052,2024-08-06,2024/8/6 19:07,2024/8/16,网点D,上海市,上海市,550.59,92,备注信息1
ORD00000053,2025-04-07,2025/4/7 15:42,2025/4/17,网点D,上海市,上海市,843.29,42,备注信息2
ORD00000054,2025-04-28,2025/4/28 21:10,2025/5/8,网点E,上海市,上海市,178.4,42,备注信息3
ORD00000055,2025-03-12,2025/3/12 7:56,2025/3/22,网点C,上海市,上海市,322.89,13,备注信息4
ORD00000056,2024-06-23,2024/6/23 3:41,2024/7/3,网点A,上海市,上海市,889.72,1,备注信息5
ORD00000057,2024-05-25,2024/5/25 12:19,2024/6/4,网点D,上海市,上海市,564.85,76,备注信息6
ORD00000058,2024-06-16,2024/6/16 20:05,2024/6/26,网点B,上海市,上海市,587.56,53,备注信息7
ORD00000059,2024-08-25,2024/8/25 19:24,2024/9/4,网点D,上海市,上海市,483.28,40,备注信息8
ORD00000060,2024-04-27,2024/4/27 0:44,2024/5/7,网点B,上海市,上海市,553.48,90,备注信息9
ORD00000061,2024-08-03,2024/8/3 7:48,2024/8/13,网点B,上海市,上海市,206.1,46,备注信息0
ORD00000062,2024-03-17,2024/3/17 11:34,2024/3/27,网点D,上海市,上海市,551.4,87,备注信息1
ORD00000063,2025-05-12,2025/5/12 0:21,2025/5/22,网点E,上海市,上海市,997.2,22,备注信息2
ORD00000064,2024-11-09,2024/11/9 13:22,2024/11/19,网点B,上海市,上海市,570.39,52,备注信息3
ORD00000065,2024-09-09,2024/9/9 8:41,2024/9/19,网点B,上海市,上海市,53.96,28,备注信息4
ORD00000066,2025-03-25,2025/3/25 7:52,2025/4/4,网点D,上海市,上海市,798.47,53,备注信息5
ORD00000067,2024-03-13,2024/3/13 19:18,2024/3/23,网点B,上海市,上海市,402.51,63,备注信息6
ORD00000068,2024-09-22,2024/9/22 6:12,2024/10/2,网点B,上海市,上海市,162.14,17,备注信息7
ORD00000069,2025-03-29,2025/3/29 0:23,2025/4/8,网点D,上海市,上海市,863.89,64,备注信息8
ORD00000070,2024-10-27,2024/10/27 3:45,2024/11/6,网点D,上海市,上海市,205.99,6,备注信息9
ORD00000071,2024-08-25,2024/8/25 0:33,2024/9/4,网点A,上海市,上海市,921.56,14,备注信息0
ORD00000072,2024-09-10,2024/9/10 10:12,2024/9/20,网点E,上海市,上海市,447.38,17,备注信息1
ORD00000073,2025-05-01,2025/5/1 15:40,2025/5/11,网点E,上海市,上海市,745.36,38,备注信息2
ORD00000074,2025-05-10,2025/5/10 18:30,2025/5/20,网点B,浙江省,杭州市,551.53,69,备注信息3
ORD00000075,2024-10-15,2024/10/15 21:21,2024/10/25,网点E,浙江省,杭州市,264.06,13,备注信息4
ORD00000076,2024-07-01,2024/7/1 12:48,2024/7/11,网点B,浙江省,杭州市,674.38,53,备注信息5
ORD00000077,2024-03-24,2024/3/24 4:06,2024/4/3,网点A,浙江省,杭州市,958.33,9,备注信息6
ORD00000078,2024-08-30,2024/8/30 0:56,2024/9/9,网点D,浙江省,杭州市,771.94,44,备注信息7
ORD00000079,2025-01-27,2025/1/27 21:30,2025/2/6,网点D,浙江省,杭州市,607.98,26,备注信息8
ORD00000080,2024-05-11,2024/5/11 9:56,2024/5/21,网点D,浙江省,杭州市,990.72,77,备注信息9
ORD00000081,2024-11-30,2024/11/30 4:57,2024/12/10,网点E,浙江省,杭州市,272.67,19,备注信息0
ORD00000082,2025-04-26,2025/4/26 21:12,2025/5/6,网点A,浙江省,杭州市,71.72,48,备注信息1
ORD00000083,2024-09-09,2024/9/9 13:33,2024/9/19,网点E,浙江省,杭州市,41.81,81,备注信息2
ORD00000084,2024-10-13,2024/10/13 12:19,2024/10/23,网点E,浙江省,杭州市,713.58,80,备注信息3
ORD00000085,2025-04-26,2025/4/26 4:17,2025/5/6,网点A,浙江省,杭州市,831.93,30,备注信息4
ORD00000086,2024-08-03,2024/8/3 17:32,2024/8/13,网点A,浙江省,杭州市,638.75,32,备注信息5
ORD00000087,2024-06-28,2024/6/28 14:49,2024/7/8,网点A,浙江省,杭州市,905.98,78,备注信息6
ORD00000088,2024-08-29,2024/8/29 8:53,2024/9/8,网点A,浙江省,杭州市,701,79,备注信息7
ORD00000089,2024-04-08,2024/4/8 3:59,2024/4/18,网点D,浙江省,杭州市,377.25,76,备注信息8
ORD00000090,2024-04-28,2024/4/28 6:54,2024/5/8,网点C,浙江省,杭州市,189.45,75,备注信息9
ORD00000091,2024-06-21,2024/6/21 8:49,2024/7/1,网点C,浙江省,杭州市,925.4,69,备注信息0
ORD00000092,2025-04-26,2025/4/26 22:15,2025/5/6,网点A,浙江省,杭州市,112.56,11,备注信息1
ORD00000093,2025-01-27,2025/1/27 22:53,2025/2/6,网点C,浙江省,杭州市,547.56,98,备注信息2
ORD00000094,2025-02-16,2025/2/16 23:30,2025/2/26,网点C,浙江省,杭州市,320.87,83,备注信息3
ORD00000095,2024-02-27,2024/2/27 16:30,2024/3/8,网点A,浙江省,杭州市,278.7,26,备注信息4
ORD00000096,2024-03-17,2024/3/17 6:29,2024/3/27,网点C,浙江省,杭州市,649.38,26,备注信息5
ORD00000097,2024-03-09,2024/3/9 15:00,2024/3/19,网点E,浙江省,杭州市,238.92,17,备注信息6
ORD00000098,2025-01-01,2025/1/1 9:40,2025/1/11,网点B,浙江省,杭州市,917.2,95,备注信息7
ORD00000099,2025-02-25,2025/2/25 11:48,2025/3/7,网点B,河南省,郑州市,411.98,83,备注信息8
ORD00000100,2024-01-19,2024/1/19 7:43,2024/1/29,网点A,河南省,郑州市,680.6,44,备注信息9
ORD00000101,2025-04-01,2025/4/1 3:37,2025/4/11,网点D,河南省,郑州市,730.48,84,备注信息0
ORD00000102,2025-01-27,2025/1/27 15:14,2025/2/6,网点A,河南省,郑州市,686.11,23,备注信息1
ORD00000103,2024-09-12,2024/9/12 16:11,2024/9/22,网点D,河南省,郑州市,904.37,25,备注信息2
ORD00000104,2025-03-14,2025/3/14 19:15,2025/3/24,网点B,河南省,郑州市,238.82,92,备注信息3
ORD00000105,2024-09-14,2024/9/14 5:29,2024/9/24,网点A,河南省,郑州市,95.19,37,备注信息4
ORD00000106,2024-07-03,2024/7/3 19:10,2024/7/13,网点E,河南省,郑州市,64.91,76,备注信息5
ORD00000107,2024-08-25,2024/8/25 18:40,2024/9/4,网点C,河南省,郑州市,879.07,65,备注信息6
ORD00000108,2025-01-14,2025/1/14 22:43,2025/1/24,网点D,河南省,郑州市,973.55,2,备注信息7
ORD00000109,2024-06-21,2024/6/21 20:57,2024/7/1,网点C,河南省,郑州市,309.5,74,备注信息8
ORD00000110,2025-01-15,2025/1/15 12:53,2025/1/25,网点C,河南省,郑州市,696.58,98,备注信息9
ORD00000111,2024-06-25,2024/6/25 10:05,2024/7/5,网点A,河南省,郑州市,18.82,32,备注信息0
ORD00000112,2025-05-03,2025/5/3 20:10,2025/5/13,网点C,河南省,郑州市,196.75,89,备注信息1
ORD00000113,2024-06-12,2024/6/12 15:16,2024/6/22,网点E,河南省,郑州市,692.38,74,备注信息2
ORD00000114,2024-12-25,2024/12/25 6:59,2025/1/4,网点C,河南省,郑州市,75.23,55,备注信息3
ORD00000115,2024-12-07,2024/12/7 9:15,2024/12/17,网点A,河南省,郑州市,473.82,50,备注信息4
ORD00000116,2024-03-06,2024/3/6 6:42,2024/3/16,网点E,河南省,郑州市,665.96,65,备注信息5
ORD00000117,2025-02-27,2025/2/27 6:23,2025/3/9,网点B,河南省,郑州市,768.3,32,备注信息6
ORD00000118,2025-03-14,2025/3/14 15:22,2025/3/24,网点C,河南省,郑州市,459.28,37,备注信息7
ORD00000119,2024-03-09,2024/3/9 2:57,2024/3/19,网点A,河南省,郑州市,633.98,76,备注信息8
ORD00000120,2024-06-06,2024/6/6 19:18,2024/6/16,网点B,河南省,郑州市,544.18,82,备注信息9
ORD00000121,2024-05-30,2024/5/30 7:17,2024/6/9,网点B,河南省,郑州市,61.78,94,备注信息0
ORD00000122,2024-06-17,2024/6/17 9:13,2024/6/27,网点D,河南省,郑州市,745.38,13,备注信息1
ORD00000123,2024-03-16,2024/3/16 0:40,2024/3/26,网点E,河南省,郑州市,180.64,54,备注信息2
ORD00000124,2024-01-11,2024/1/11 22:02,2024/1/21,网点C,河南省,郑州市,41.49,3,备注信息3
ORD00000125,2024-07-26,2024/7/26 21:22,2024/8/5,网点A,河南省,郑州市,456.66,85,备注信息4
ORD00000126,2024-11-13,2024/11/13 20:49,2024/11/23,网点D,河南省,郑州市,866.98,42,备注信息5
ORD00000127,2024-06-16,2024/6/16 3:22,2024/6/26,网点E,河南省,郑州市,159.32,78,备注信息6
ORD00000128,2024-03-04,2024/3/4 7:13,2024/3/14,网点D,河南省,郑州市,22.73,40,备注信息7
ORD00000129,2024-03-29,2024/3/29 18:38,2024/4/8,网点E,河南省,郑州市,118.88,74,备注信息8
ORD00000130,2024-01-11,2024/1/11 22:29,2024/1/21,网点E,河南省,郑州市,370.02,66,备注信息9
ORD00000131,2024-07-17,2024/7/17 2:58,2024/7/27,网点C,河南省,郑州市,584.37,60,备注信息0
ORD00000132,2024-09-08,2024/9/8 0:23,2024/9/18,网点E,河南省,郑州市,201.08,11,备注信息1
ORD00000133,2025-03-27,2025/3/27 14:35,2025/4/6,网点D,河南省,郑州市,803.94,1,备注信息2
ORD00000134,2024-10-11,2024/10/11 17:08,2024/10/21,网点E,河南省,郑州市,755.76,26,备注信息3
ORD00000135,2024-10-26,2024/10/26 18:28,2024/11/5,网点C,河南省,郑州市,698.9,42,备注信息4
ORD00000136,2024-05-19,2024/5/19 12:37,2024/5/29,网点C,河南省,郑州市,492.6,62,备注信息5
ORD00000137,2025-04-03,2025/4/3 15:17,2025/4/13,网点D,河南省,郑州市,371.56,61,备注信息6
ORD00000138,2024-03-02,2024/3/2 5:31,2024/3/12,网点B,河南省,郑州市,381.83,77,备注信息7
ORD00000139,2024-07-21,2024/7/21 5:31,2024/7/31,网点B,河南省,郑州市,508.04,92,备注信息8
ORD00000140,2025-02-28,2025/2/28 9:23,2025/3/10,网点E,河南省,郑州市,86.54,85,备注信息9
ORD00000141,2024-08-11,2024/8/11 5:58,2024/8/21,网点A,河南省,郑州市,685.48,62,备注信息0
ORD00000142,2024-03-19,2024/3/19 23:50,2024/3/29,网点E,河南省,郑州市,357.99,74,备注信息1
ORD00000143,2024-09-10,2024/9/10 16:07,2024/9/20,网点D,河南省,郑州市,232.51,12,备注信息2
ORD00000144,2024-08-30,2024/8/30 5:58,2024/9/9,网点D,河南省,郑州市,285.54,27,备注信息3
ORD00000145,2024-04-17,2024/4/17 7:40,2024/4/27,网点D,河南省,郑州市,188.49,67,备注信息4
ORD00000146,2024-05-09,2024/5/9 15:24,2024/5/19,网点D,河南省,郑州市,902.55,28,备注信息5
ORD00000147,2025-05-14,2025/5/14 18:11,2025/5/24,网点D,河南省,郑州市,177.35,66,备注信息6
ORD00000148,2024-10-08,2024/10/8 20:29,2024/10/18,网点C,河南省,郑州市,884.1,28,备注信息7
ORD00000149,2024-08-14,2024/8/14 20:36,2024/8/24,网点B,河南省,郑州市,576.52,95,备注信息8
ORD00000150,2024-01-09,2024/1/9 21:35,2024/1/19,网点D,河南省,郑州市,868.78,21,备注信息9
ORD00000151,2024-04-08,2024/4/8 12:07,2024/4/18,网点A,河南省,郑州市,479.32,7,备注信息0
ORD00000152,2024-09-26,2024/9/26 10:36,2024/10/6,网点A,河南省,郑州市,928.36,95,备注信息1
ORD00000153,2024-11-14,2024/11/14 0:16,2024/11/24,网点A,河南省,郑州市,219.38,14,备注信息2
ORD00000154,2024-04-19,2024/4/19 2:04,2024/4/29,网点A,河南省,郑州市,559.14,39,备注信息3
ORD00000155,2024-08-19,2024/8/19 8:09,2024/8/29,网点C,河南省,郑州市,134.58,73,备注信息4
ORD00000156,2024-01-19,2024/1/19 17:23,2024/1/29,网点A,河南省,郑州市,452.75,87,备注信息5
ORD00000157,2025-01-16,2025/1/16 14:14,2025/1/26,网点D,河南省,郑州市,574.2,62,备注信息6
ORD00000158,2024-02-26,2024/2/26 7:48,2024/3/7,网点E,河南省,郑州市,609.62,12,备注信息7
ORD00000159,2025-04-05,2025/4/5 1:11,2025/4/15,网点A,河南省,郑州市,371.87,93,备注信息8
ORD00000160,2025-04-29,2025/4/29 19:12,2025/5/9,网点C,河南省,郑州市,85.57,38,备注信息9
ORD00000161,2024-03-04,2024/3/4 3:07,2024/3/14,网点C,河南省,郑州市,658.77,58,备注信息0
ORD00000162,2024-10-20,2024/10/20 9:23,2024/10/30,网点A,河南省,郑州市,493.55,56,备注信息1
ORD00000163,2025-02-06,2025/2/6 16:26,2025/2/16,网点E,河南省,郑州市,145.51,39,备注信息2
ORD00000164,2024-01-14,2024/1/14 21:41,2024/1/24,网点A,河南省,郑州市,936.52,86,备注信息3
ORD00000165,2025-02-10,2025/2/10 8:51,2025/2/20,网点C,河南省,郑州市,956.11,4,备注信息4
ORD00000166,2024-10-31,2024/10/31 20:00,2024/11/10,网点B,河南省,郑州市,858.04,48,备注信息5
ORD00000167,2025-03-22,2025/3/22 0:25,2025/4/1,网点D,河南省,郑州市,845.43,7,备注信息6
ORD00000168,2025-01-23,2025/1/23 12:48,2025/2/2,网点C,河南省,郑州市,107.68,60,备注信息7
ORD00000169,2024-06-19,2024/6/19 7:57,2024/6/29,网点A,河南省,郑州市,993.49,40,备注信息8
ORD00000170,2024-02-15,2024/2/15 20:19,2024/2/25,网点D,河南省,郑州市,406.38,8,备注信息9
ORD00000171,2025-04-24,2025/4/24 1:57,2025/5/4,网点A,河南省,郑州市,171.49,58,备注信息0
ORD00000172,2024-09-22,2024/9/22 22:25,2024/10/2,网点A,河南省,郑州市,813.98,57,备注信息1
ORD00000173,2025-04-03,2025/4/3 14:55,2025/4/13,网点B,河南省,郑州市,233.47,35,备注信息2
ORD00000174,2024-10-13,2024/10/13 20:26,2024/10/23,网点D,河南省,郑州市,530.91,73,备注信息3
ORD00000175,2025-03-20,2025/3/20 18:13,2025/3/30,网点D,河南省,郑州市,136.74,13,备注信息4
ORD00000176,2024-03-10,2024/3/10 7:06,2024/3/20,网点B,河南省,郑州市,479.9,39,备注信息5
ORD00000177,2025-04-22,2025/4/22 14:49,2025/5/2,网点C,河南省,郑州市,562.56,84,备注信息6
ORD00000178,2024-03-06,2024/3/6 14:55,2024/3/16,网点A,河南省,郑州市,451.46,21,备注信息7
ORD00000179,2024-09-09,2024/9/9 19:52,2024/9/19,网点E,河南省,郑州市,78.79,47,备注信息8
ORD00000180,2025-04-05,2025/4/5 15:27,2025/4/15,网点A,河南省,郑州市,490.09,83,备注信息9
ORD00000181,2025-05-11,2025/5/11 13:24,2025/5/21,网点A,河南省,郑州市,474.25,2,备注信息0
ORD00000182,2024-07-10,2024/7/10 18:10,2024/7/20,网点C,河南省,郑州市,269,44,备注信息1
ORD00000183,2024-01-04,2024/1/4 23:21,2024/1/14,网点A,河南省,郑州市,922.39,30,备注信息2
ORD00000184,2025-02-13,2025/2/13 19:07,2025/2/23,网点B,河南省,郑州市,423.61,87,备注信息3
ORD00000185,2025-02-06,2025/2/6 20:34,2025/2/16,网点B,河南省,郑州市,865.47,55,备注信息4
ORD00000186,2024-01-25,2024/1/25 2:45,2024/2/4,网点D,河南省,郑州市,118.57,40,备注信息5
ORD00000187,2024-09-22,2024/9/22 10:51,2024/10/2,网点E,河南省,郑州市,325.69,77,备注信息6
ORD00000188,2025-04-26,2025/4/26 18:17,2025/5/6,网点A,河南省,郑州市,184.57,97,备注信息7
ORD00000189,2025-03-04,2025/3/4 18:36,2025/3/14,网点A,河南省,郑州市,414.33,96,备注信息8
ORD00000190,2025-03-27,2025/3/27 6:06,2025/4/6,网点C,河南省,郑州市,120.52,92,备注信息9
ORD00000191,2024-04-30,2024/4/30 9:07,2024/5/10,网点B,河南省,郑州市,446.62,24,备注信息0
ORD00000192,2025-02-02,2025/2/2 2:59,2025/2/12,网点E,河南省,郑州市,360.33,42,备注信息1
ORD00000193,2024-02-09,2024/2/9 0:56,2024/2/19,网点D,河南省,郑州市,231.08,28,备注信息2
ORD00000194,2024-03-08,2024/3/8 1:57,2024/3/18,网点B,河南省,郑州市,645.76,94,备注信息3
ORD00000195,2025-04-06,2025/4/6 15:20,2025/4/16,网点D,河南省,郑州市,951.4,93,备注信息4
ORD00000196,2024-11-27,2024/11/27 8:44,2024/12/7,网点C,河南省,郑州市,215.04,98,备注信息5
ORD00000197,2024-01-10,2024/1/10 11:23,2024/1/20,网点C,河南省,郑州市,714.67,51,备注信息6
ORD00000198,2024-07-04,2024/7/4 15:09,2024/7/14,网点A,河南省,洛阳市,744.96,22,备注信息7
ORD00000199,2025-01-18,2025/1/18 13:26,2025/1/28,网点E,河南省,洛阳市,503.14,89,备注信息8
ORD00000200,2024-05-26,2024/5/26 18:11,2024/6/5,网点D,河南省,洛阳市,898.69,78,备注信息9
ORD00000201,2024-08-21,2024/8/21 15:39,2024/8/31,网点B,河南省,洛阳市,966.73,74,备注信息0
ORD00000202,2025-01-01,2025/1/1 1:25,2025/1/11,网点C,河南省,洛阳市,368.62,74,备注信息1
ORD00000203,2024-06-29,2024/6/29 22:16,2024/7/9,网点A,河南省,洛阳市,654.52,8,备注信息2
ORD00000204,2024-06-10,2024/6/10 23:57,2024/6/20,网点A,河南省,洛阳市,665.59,14,备注信息3
ORD00000205,2024-04-28,2024/4/28 9:39,2024/5/8,网点D,河南省,洛阳市,409.6,45,备注信息4
ORD00000206,2024-06-16,2024/6/16 14:59,2024/6/26,网点C,河南省,洛阳市,323.62,38,备注信息5
ORD00000207,2024-04-08,2024/4/8 15:11,2024/4/18,网点E,河南省,洛阳市,934.41,32,备注信息6
ORD00000208,2024-03-26,2024/3/26 7:26,2024/4/5,网点C,河南省,洛阳市,792.08,62,备注信息7
ORD00000209,2024-12-18,2024/12/18 8:41,2024/12/28,网点D,河南省,洛阳市,123.32,96,备注信息8
ORD00000210,2024-10-02,2024/10/2 3:29,2024/10/12,网点D,河南省,洛阳市,128.69,67,备注信息9
ORD00000211,2024-08-25,2024/8/25 5:02,2024/9/4,网点C,河南省,洛阳市,923.32,84,备注信息0
ORD00000212,2025-03-13,2025/3/13 14:03,2025/3/23,网点D,河南省,洛阳市,90.6,61,备注信息1
ORD00000213,2024-02-16,2024/2/16 3:21,2024/2/26,网点C,河南省,洛阳市,691.54,13,备注信息2
ORD00000214,2024-08-15,2024/8/15 4:20,2024/8/25,网点B,河南省,洛阳市,234.49,87,备注信息3
ORD00000215,2025-03-03,2025/3/3 18:22,2025/3/13,网点C,河南省,洛阳市,44.83,83,备注信息4
ORD00000216,2024-07-02,2024/7/2 15:28,2024/7/12,网点C,河南省,洛阳市,69.04,80,备注信息5
ORD00000217,2024-12-19,2024/12/19 8:35,2024/12/29,网点D,河南省,洛阳市,379.79,99,备注信息6
ORD00000218,2024-07-22,2024/7/22 19:51,2024/8/1,网点D,河南省,洛阳市,86.81,47,备注信息7
ORD00000219,2024-05-29,2024/5/29 2:28,2024/6/8,网点A,河南省,洛阳市,600.67,54,备注信息8
ORD00000220,2024-05-23,2024/5/23 18:35,2024/6/2,网点A,河南省,洛阳市,650.78,71,备注信息9
ORD00000221,2024-03-24,2024/3/24 20:12,2024/4/3,网点B,河南省,洛阳市,379.73,52,备注信息0
ORD00000222,2024-08-09,2024/8/9 5:48,2024/8/19,网点A,河南省,洛阳市,745.45,72,备注信息1
ORD00000223,2024-11-27,2024/11/27 23:07,2024/12/7,网点C,河南省,洛阳市,495.14,25,备注信息2
ORD00000224,2024-11-29,2024/11/29 18:11,2024/12/9,网点D,河南省,洛阳市,435.93,23,备注信息3
ORD00000225,2025-03-06,2025/3/6 2:04,2025/3/16,网点A,河南省,洛阳市,412.92,74,备注信息4
ORD00000226,2025-03-25,2025/3/25 7:39,2025/4/4,网点A,河南省,洛阳市,436.8,30,备注信息5
ORD00000227,2024-04-15,2024/4/15 18:55,2024/4/25,网点B,河南省,洛阳市,968.21,97,备注信息6
ORD00000228,2024-12-11,2024/12/11 12:59,2024/12/21,网点B,河南省,洛阳市,684.59,11,备注信息7
ORD00000229,2024-03-19,2024/3/19 5:05,2024/3/29,网点C,河南省,洛阳市,322.06,35,备注信息8
ORD00000230,2025-03-09,2025/3/9 5:08,2025/3/19,网点D,河南省,洛阳市,736.52,27,备注信息9
ORD00000231,2025-03-21,2025/3/21 9:45,2025/3/31,网点B,河南省,洛阳市,336.96,67,备注信息0
ORD00000232,2024-05-01,2024/5/1 6:31,2024/5/11,网点A,河南省,洛阳市,134.46,47,备注信息1
ORD00000233,2025-01-02,2025/1/2 1:52,2025/1/12,网点D,河南省,洛阳市,480.61,50,备注信息2
ORD00000234,2025-03-06,2025/3/6 10:38,2025/3/16,网点D,河南省,洛阳市,753.51,8,备注信息3
ORD00000235,2024-06-15,2024/6/15 11:41,2024/6/25,网点A,河南省,洛阳市,383.88,55,备注信息4
ORD00000236,2024-03-03,2024/3/3 2:28,2024/3/13,网点B,河南省,洛阳市,870.48,77,备注信息5
ORD00000237,2024-05-08,2024/5/8 15:51,2024/5/18,网点A,河南省,洛阳市,393.08,42,备注信息6
ORD00000238,2024-05-03,2024/5/3 15:09,2024/5/13,网点D,河南省,洛阳市,356.34,67,备注信息7
ORD00000239,2024-12-14,2024/12/14 8:08,2024/12/24,网点E,河南省,洛阳市,998.26,20,备注信息8
ORD00000240,2025-01-23,2025/1/23 2:51,2025/2/2,网点E,河南省,洛阳市,487.65,45,备注信息9
ORD00000241,2024-07-31,2024/7/31 22:02,2024/8/10,网点C,河南省,洛阳市,807.17,35,备注信息0
ORD00000242,2024-09-19,2024/9/19 15:33,2024/9/29,网点A,河南省,洛阳市,806.94,77,备注信息1
ORD00000243,2025-01-23,2025/1/23 3:06,2025/2/2,网点A,河南省,洛阳市,927.11,20,备注信息2
ORD00000244,2024-01-17,2024/1/17 8:23,2024/1/27,网点C,河南省,洛阳市,94.05,24,备注信息3
ORD00000245,2025-01-31,2025/1/31 18:17,2025/2/10,网点C,河南省,洛阳市,278.51,57,备注信息4
ORD00000246,2024-12-23,2024/12/23 5:10,2025/1/2,网点C,河南省,洛阳市,770.07,55,备注信息5
ORD00000247,2024-03-23,2024/3/23 19:59,2024/4/2,网点D,河南省,洛阳市,566.98,9,备注信息6
ORD00000248,2024-06-01,2024/6/1 12:22,2024/6/11,网点A,河南省,洛阳市,564.02,94,备注信息7
ORD00000249,2024-08-31,2024/8/31 9:04,2024/9/10,网点D,河南省,洛阳市,174.55,89,备注信息8
ORD00000250,2024-02-15,2024/2/15 13:28,2024/2/25,网点C,河南省,洛阳市,288.34,16,备注信息9
ORD00000251,2025-02-18,2025/2/18 16:28,2025/2/28,网点A,河南省,洛阳市,526.12,55,备注信息0
ORD00000252,2024-05-15,2024/5/15 14:01,2024/5/25,网点D,河南省,洛阳市,284.41,72,备注信息1
ORD00000253,2024-11-22,2024/11/22 15:03,2024/12/2,网点D,河南省,洛阳市,218.18,58,备注信息2
ORD00000254,2024-02-24,2024/2/24 0:55,2024/3/5,网点C,河南省,洛阳市,96.88,64,备注信息3
ORD00000255,2024-06-10,2024/6/10 20:53,2024/6/20,网点A,河南省,洛阳市,164.17,92,备注信息4
ORD00000256,2024-12-13,2024/12/13 11:12,2024/12/23,网点C,河南省,洛阳市,771.18,76,备注信息5
ORD00000257,2025-02-19,2025/2/19 6:34,2025/3/1,网点A,河南省,洛阳市,721.59,88,备注信息6
ORD00000258,2024-06-01,2024/6/1 1:20,2024/6/11,网点E,河南省,洛阳市,55.38,49,备注信息7
ORD00000259,2024-11-06,2024/11/6 22:59,2024/11/16,网点B,河南省,洛阳市,211.25,29,备注信息8
ORD00000260,2024-03-06,2024/3/6 3:12,2024/3/16,网点B,河南省,洛阳市,564.85,79,备注信息9
ORD00000261,2025-04-27,2025/4/27 5:18,2025/5/7,网点B,河南省,洛阳市,329.4,82,备注信息0
ORD00000262,2024-02-18,2024/2/18 11:00,2024/2/28,网点C,河南省,洛阳市,825.02,7,备注信息1
ORD00000263,2024-07-22,2024/7/22 22:42,2024/8/1,网点E,河南省,洛阳市,787.14,77,备注信息2
ORD00000264,2024-11-05,2024/11/5 4:55,2024/11/15,网点A,河南省,洛阳市,892.66,83,备注信息3
ORD00000265,2025-03-26,2025/3/26 17:43,2025/4/5,网点D,河南省,洛阳市,567.3,69,备注信息4
ORD00000266,2024-01-01,2024/1/1 2:42,2024/1/11,网点A,河南省,洛阳市,358.56,90,备注信息5
ORD00000267,2024-04-27,2024/4/27 23:27,2024/5/7,网点D,河南省,洛阳市,610,2,备注信息6
ORD00000268,2024-02-10,2024/2/10 16:26,2024/2/20,网点A,河南省,洛阳市,98.25,33,备注信息7
ORD00000269,2024-01-11,2024/1/11 0:42,2024/1/21,网点E,河南省,洛阳市,19.49,48,备注信息8
ORD00000270,2024-05-29,2024/5/29 22:29,2024/6/8,网点D,河南省,洛阳市,26.92,37,备注信息9
ORD00000271,2024-07-11,2024/7/11 6:12,2024/7/21,网点C,河南省,洛阳市,413.47,89,备注信息0
ORD00000272,2024-02-13,2024/2/13 12:19,2024/2/23,网点A,河南省,洛阳市,235.8,89,备注信息1
ORD00000273,2025-02-20,2025/2/20 2:22,2025/3/2,网点A,河南省,洛阳市,165.76,30,备注信息2
ORD00000274,2024-01-21,2024/1/21 11:01,2024/1/31,网点D,河南省,洛阳市,619.17,41,备注信息3
ORD00000275,2024-04-26,2024/4/26 15:00,2024/5/6,网点C,河南省,洛阳市,995.14,4,备注信息4
ORD00000276,2024-07-24,2024/7/24 7:05,2024/8/3,网点C,河南省,洛阳市,185.98,83,备注信息5
ORD00000277,2024-07-11,2024/7/11 12:41,2024/7/21,网点E,河南省,洛阳市,550.96,91,备注信息6
ORD00000278,2025-01-20,2025/1/20 21:48,2025/1/30,网点C,河南省,洛阳市,128.53,39,备注信息7
ORD00000279,2025-01-05,2025/1/5 4:25,2025/1/15,网点C,河南省,洛阳市,934.89,24,备注信息8
ORD00000280,2024-11-11,2024/11/11 13:20,2024/11/21,网点C,河南省,洛阳市,298.84,50,备注信息9
ORD00000281,2024-07-09,2024/7/9 20:47,2024/7/19,网点B,河南省,洛阳市,879.56,37,备注信息0
ORD00000282,2024-09-09,2024/9/9 20:02,2024/9/19,网点E,河南省,洛阳市,290.25,53,备注信息1
ORD00000283,2024-11-14,2024/11/14 10:33,2024/11/24,网点A,河南省,洛阳市,807.99,25,备注信息2
ORD00000284,2024-07-18,2024/7/18 17:42,2024/7/28,网点D,河南省,洛阳市,217.29,93,备注信息3
ORD00000285,2025-02-16,2025/2/16 1:55,2025/2/26,网点A,河南省,洛阳市,299.86,31,备注信息4
ORD00000286,2024-08-11,2024/8/11 6:14,2024/8/21,网点E,河南省,洛阳市,200.55,99,备注信息5
ORD00000287,2024-10-10,2024/10/10 22:20,2024/10/20,网点D,河南省,洛阳市,271.62,92,备注信息6
ORD00000288,2024-01-15,2024/1/15 19:10,2024/1/25,网点E,河南省,洛阳市,836.52,38,备注信息7
ORD00000289,2024-03-15,2024/3/15 19:29,2024/3/25,网点C,河南省,洛阳市,642.64,58,备注信息8
ORD00000290,2024-09-08,2024/9/8 0:26,2024/9/18,网点D,河南省,洛阳市,411.82,53,备注信息9
ORD00000291,2024-05-28,2024/5/28 9:49,2024/6/7,网点C,河南省,洛阳市,971.81,50,备注信息0
ORD00000292,2024-01-25,2024/1/25 4:13,2024/2/4,网点A,河南省,洛阳市,470.21,4,备注信息1
ORD00000293,2024-05-01,2024/5/1 1:56,2024/5/11,网点A,河南省,洛阳市,970.06,92,备注信息2
ORD00000294,2024-09-14,2024/9/14 6:20,2024/9/24,网点D,河南省,洛阳市,204.62,52,备注信息3
ORD00000295,2024-05-01,2024/5/1 0:07,2024/5/11,网点D,河南省,洛阳市,905.59,31,备注信息4
ORD00000296,2024-07-15,2024/7/15 11:59,2024/7/25,网点E,河南省,洛阳市,23.68,87,备注信息5
ORD00000297,2024-11-17,2024/11/17 18:07,2024/11/27,网点E,河南省,洛阳市,549.85,78,备注信息6
ORD00000298,2024-07-20,2024/7/20 21:41,2024/7/30,网点C,河南省,洛阳市,428.82,92,备注信息7
ORD00000299,2025-02-04,2025/2/4 7:19,2025/2/14,网点D,河南省,洛阳市,529.84,14,备注信息8
ORD00000300,2024-11-24,2024/11/24 23:42,2024/12/4,网点A,河南省,洛阳市,557.91,1,备注信息9
